<?xml version="1.0" encoding="UTF-8"?>
<project-private xmlns="http://www.netbeans.org/ns/project-private/1">
    <open-files xmlns="http://www.netbeans.org/ns/projectui-open-files/2">
        <group>
            <file>file:/C:/xampp/htdocs/ApiRest/View/inserirLivro.php</file>
            <file>file:/C:/xampp/htdocs/ApiRest/Model/Livro.php</file>
            <file>file:/C:/xampp/htdocs/ApiRest/View/listarLivro.php</file>
            <file>file:/C:/xampp/htdocs/ApiRest/.git/config</file>
            <file>file:/C:/xampp/htdocs/ApiRest/Connection/Conexao.php</file>
            <file>file:/C:/xampp/htdocs/ApiRest/Control/LivroControl.php</file>
            <file>file:/C:/xampp/htdocs/ApiRest/Connection/config.php</file>
            <file>file:/C:/xampp/htdocs/ApiRest/View/excluirLivro.php</file>
            <file>file:/C:/xampp/htdocs/ApiRest/View/alterarLivro.php</file>
        </group>
    </open-files>
</project-private>
